{
	"zero_pos":	{
		"AgvX":	-2.5826534606948708,
		"AgvY":	2.8729066738223676,
		"AgvTheta":	-1.5770183964946267,
		"Total_odom":	2088.0773910229382
	}
}