{
	"zero_pos":	{
		"AgvX":	-2.582651808051164,
		"AgvY":	2.8731732327210127,
		"AgvTheta":	-1.5769589928393231,
		"Total_odom":	2088.0770188392094
	}
}